title,content
The Art of Pour Over Brewing,"Coffee brewing is a balance of time, temperature, and grind size. Pour over methods highlight clarity and acidity, while immersion styles like French press emphasize body. The key to great coffee lies in consistency: weigh your beans, measure your water, and aim for even extraction every time."
Exploring Espresso-Based Drinks,"Espresso-based drinks form the foundation of café culture. From cappuccinos to lattes, the espresso shot determines the drink’s strength and flavor profile. A 1:2 brew ratio and precise tamping pressure help achieve that rich, balanced crema loved by coffee enthusiasts worldwide."
Cold Brew vs Iced Coffee,"Cold brew uses coarse-ground beans steeped in cold water for up to 24 hours. The result is smooth, chocolatey, and low in acidity, unlike iced coffee which is brewed hot and then chilled. Adjust steeping time and bean ratio to tailor strength and sweetness to your taste."
Perfecting the French Press,"A French press extracts deep flavors by steeping coffee grounds in hot water for four minutes. Coarse grind prevents over‑extraction and gritty texture. After plunging, pour immediately to avoid bitterness. This method delivers full-bodied, aromatic coffee with rich mouthfeel."
Understanding Coffee Grind Sizes,"Grind size dictates extraction. Fine grinds increase surface area and intensify flavor but risk bitterness if brewed too long. Coarse grinds suit immersion methods, allowing balanced flavor. Always match grind to brewing style for consistent, enjoyable coffee every time."
The Role of Water Temperature,"Water temperature shapes extraction. Ideal range is 90–96°C: too cool under‑extracts, too hot burns the coffee. Freshly boiled water rested for 30 seconds hits the sweet spot. Consistent temperature ensures balanced sweetness and brightness in your cup."
Aeropress: A Travel-Friendly Method,"Aeropress brewing offers control and portability. Use medium‑fine grind, steep for one minute, and press gently. The result is clean yet full‑bodied. It’s versatile for travel, with recipes ranging from espresso‑like shots to smooth filter brews depending on your pressure and timing."
How to Froth Milk Like a Barista,"Frothing milk transforms texture and sweetness. For cappuccinos, create dry foam; for lattes, microfoam with glossy bubbles. Use cold milk and a steam wand angled for a whirlpool motion. Practice yields a velvety consistency perfect for latte art and balance in flavor."
Single-Origin vs Blends Explained,"Single-origin coffees showcase a region’s unique characteristics—floral Ethiopian beans, nutty Colombian, or fruity Kenyan. Blends, by contrast, balance flavors and body for consistency. Choose based on mood: bright and complex for single origins, smooth and reliable for blends."
Brewing the Ideal Americano,An Americano blends espresso and hot water to produce a smoother flavor similar to drip coffee but with espresso’s distinct crema. Adjust water ratio to taste. It’s ideal for those who enjoy espresso flavor without its intensity. Serve in a pre‑warmed cup for best results.
How to Make a Classic Cappuccino,"A cappuccino blends equal parts espresso, steamed milk, and foam. The foam acts as an insulator, keeping the drink warm while adding creamy texture. Use whole milk for best results and pour in circular motions to create layered contrast and beautiful latte art."
Mastering the Mocha Recipe,"Mocha combines espresso, chocolate, and steamed milk for a decadent treat. Use dark cocoa for richness, and top with whipped cream or a light dusting of cocoa powder. Balance sweetness with strong espresso to avoid an overly sugary profile. Perfect dessert in a cup."
Turkish Coffee Traditions,"Turkish coffee is unfiltered and brewed in a cezve with very fine grounds and sugar. Served in small cups, it’s thick, aromatic, and traditional in Middle Eastern culture. Let grounds settle before drinking. Cardamom can be added for fragrance and complexity."
Vietnamese Egg Coffee Delight,"Vietnamese egg coffee blends robusta espresso with whipped egg yolk, sugar, and condensed milk. The result is creamy and custard-like, served hot or cold. Originating in Hanoi, it’s a dessert and drink in one, offering a delightful contrast of bitter and sweet."
The Secret Behind Café de Olla,"Café de Olla, a Mexican classic, infuses coffee with cinnamon and piloncillo. Traditionally brewed in clay pots, it yields earthy sweetness and spice. Ideal for cold mornings, this rustic brew connects culture and comfort through aroma and tradition."
Chemex Brewing Tips,"Chemex brewing emphasizes clarity. Use paper filters, medium‑coarse grind, and a slow spiral pour to control flow. The thick filter absorbs oils, yielding a clean cup with delicate notes. Patience and precision reward with bright, nuanced flavor and stunning presentation."
Moka Pot: The Italian Tradition,"Moka pot coffee delivers intensity akin to espresso. Steam pressure forces water through coffee grounds, producing a robust brew. Use medium grind and moderate heat. Serve immediately to preserve aroma. Ideal for milk-based drinks like cortado or macchiato."
Understanding Light vs Dark Roasts,"Light roasts retain floral, fruity notes; dark roasts emphasize bitterness and caramelized sugars. Roast level affects body, acidity, and aroma. Choose lighter for complexity, darker for strength. Freshness is key: consume within two weeks of roasting for best flavor."
Brewing Ratios for the Perfect Cup,"Perfect brew ratios balance strength and taste. A standard 1:16 coffee-to-water ratio works well for most methods. Adjust to preference: higher for stronger coffee, lower for milder flavor. Consistency ensures repeatable results and improved brewing mastery."
Decaf Coffee Myths and Facts,"Decaf coffee often suffers from poor reputation, but modern Swiss Water and CO₂ methods preserve flavor. Choose fresh, high-quality decaf beans and brew as you would regular coffee. It’s perfect for late evenings without sacrificing aroma or satisfaction."
